"""Team America"" Gets Post-Hack Yanking At Alamo Drafthouse, Too",http://rss.slashdot.org/~r/Slashdot/slashdot/~3/cWo37gUxp10/story01.htm,"Slate reports that even old movies are enough to trigger a pretty strong knee jerk: Team America, World Police, selected as a tongue-in-cheek replacement by Dallas's Alamo Drafthouse Theater for the Sony-yanked The Interview after that film drew too much heat following the recent Sony hack, has also been pulled. The theater's tweet, as reprinted by Slate: ""due to circumstances beyond our control,&rdquo; their Dec. 27 Team America screening has also been canceled."" If only I had a copy, I'd like to host a viewing party here in Austin for The Interview, which I want to see now more than ever. (And it would be a fitting venue.)<p><div class=""share_submission"" style=""position:relative;""> <a class=""slashpop"" href=""http://twitter.com/home?status=%22Team+America%22+Gets+Post-Hack+Yanking+At+Alamo+Drafthouse%2C+Too%3A+http%3A%2F%2Fbit.ly%2F16wJpve""><img src=""http://a.fsdn.com/sd/twitter_icon_large.png""></a> <a class=""slashpop"" href=""http://www.facebook.com/sharer.php?u=http%3A%2F%2Fpolitics.slashdot.org%2Fstory%2F14%2F12%2F18%2F2149257%2Fteam-america-gets-post-hack-yanking-at-alamo-drafthouse-too%3Futm_source%3Dslashdot%26utm_medium%3Dfacebook""><img src=""http://a.fsdn.com/sd/facebook_icon_large.png""></a> <a class=""nobg"" href=""http://plus.google.com/share?url=http://politics.slashdot.org/story/14/12/18/2149257/team-america-gets-post-hack-yanking-at-alamo-drafthouse-too?utm_source=slashdot&amp;utm_medium=googleplus"" onclick=""javascript:window.open(this.href,'', 'menubar=no,toolbar=no,resizable=yes,scrollbars=yes,height=600,width=600');return false;""><img src=""http://www.gstatic.com/images/icons/gplus-16.png"" alt=""Share on Google+""/></a> </div></p><p><a href=""http://politics.slashdot.org/story/14/12/18/2149257/team-america-gets-post-hack-yanking-at-alamo-drafthouse-too?utm_source=rss1.0moreanon&amp;utm_medium=feed"">Read more of this story</a> at Slashdot.</p><iframe src=""http://slashdot.org/slashdot-it.pl?op=discuss&amp;id=6440417&amp;smallembed=1"" style=""height: 300px; width: 100%; border: none;""></iframe><img width='1' height='1' src='http://slashdot.feedsportal.com/c/35028/f/647410/s/4196dc1f/sc/17/mf.gif' border='0'/><br clear='all'/><br/><br/><a href=""http://da.feedsportal.com/r/216443017462/u/49/f/647410/c/35028/s/4196dc1f/sc/17/rc/1/rc.htm"" rel=""nofollow""><img src=""http://da.feedsportal.com/r/216443017462/u/49/f/647410/c/35028/s/4196dc1f/sc/17/rc/1/rc.img"" border=""0""/></a><br/><a href=""http://da.feedsportal.com/r/216443017462/u/49/f/647410/c/35028/s/4196dc1f/sc/17/rc/2/rc.htm"" rel=""nofollow""><img src=""http://da.feedsportal.com/r/216443017462/u/49/f/647410/c/35028/s/4196dc1f/sc/17/rc/2/rc.img"" border=""0""/></a><br/><a href=""http://da.feedsportal.com/r/216443017462/u/49/f/647410/c/35028/s/4196dc1f/sc/17/rc/3/rc.htm"" rel=""nofollow""><img src=""http://da.feedsportal.com/r/216443017462/u/49/f/647410/c/35028/s/4196dc1f/sc/17/rc/3/rc.img"" border=""0""/></a><br/><br/><a href=""http://da.feedsportal.com/r/216443017462/u/49/f/647410/c/35028/s/4196dc1f/sc/17/a2.htm""><img src=""http://da.feedsportal.com/r/216443017462/u/49/f/647410/c/35028/s/4196dc1f/sc/17/a2.img"" border=""0""/></a><img width=""1"" height=""1"" src=""http://pi.feedsportal.com/r/216443017462/u/49/f/647410/c/35028/s/4196dc1f/sc/17/a2t.img"" border=""0""/><img src=""//feeds.feedburner.com/~r/Slashdot/slashdot/~4/cWo37gUxp10"" height=""1"" width=""1"" alt=""""/>"
'Harrowing' neglect case: Woman kept 50 cats (APN),http://news.feedzilla.com/en_us/stories/science/411380621?client_source=api&format=json,"An Auckland woman who kept 50 cats living in disgusting conditions with
serious infections and ailments has been sentenced for her neglect.Tatyana
Kondratyeva, 51, was found guilty of failing to ensure the physical, health
and behavioural...

"
11th Sierra Leonean Doctor Dies from Ebola (bioethicscom),http://news.feedzilla.com/en_us/stories/science/411375563?client_source=api&format=json,"(Medical Xpress) - One of Sierra Leone's most senior physicians died Thursday
from Ebola, the 11th doctor in the country to succumb to the disease, a health
official said. Ebola has killed more than 350 health workers in West Africa, …
Read More

"
A vegetarian carnivorous plant (Eurekalert),http://news.feedzilla.com/en_us/stories/science/411401461?client_source=api&format=json,"(_Oxford University Press_) Carnivorous plants catch and digest tiny animals
in order and derive benefits for their nutrition. Interestingly the trend
towards vegetarianism seems to overcome carnivorous plants as well. The
aquatic carnivorous bladderwort, which can be found in many lakes and ponds
worldwide, does not only gain profit from eating little animals but also by
consuming algae and pollen grains.

"
"After 40 Years As a Double Amputee, Man Gains Two Bionic Arms",http://rss.slashdot.org/~r/Slashdot/slashdot/~3/__z3ZfrD3PM/story01.htm,"MojoKid writes Les Baugh, a Colorado man who lost both arms in an electrical accident 40 years ago, is looking forward to being able to insert change into a soda machine and retrieving the beverage himself. But thanks to the wonders of science and technology &mdash; and Johns Hopkins University Applied Physics Laboratory (APL) &mdash; he'll regain some of those functions while making history as the first bilateral shoulder-level amputee to wear and simultaneously control two Modular Prosthetic Limbs (MPLs). ""It's a relatively new surgical procedure that reassigns nerves that once controlled the arm and the hand,"" explained Johns Hopkins Trauma Surgeon Albert Chi, M.D. ""By reassigning existing nerves, we can make it possible for people who have had upper-arm amputations to control their prosthetic devices by merely thinking about the action they want to perform.""<p><div class=""share_submission"" style=""position:relative;""> <a class=""slashpop"" href=""http://twitter.com/home?status=After+40+Years+As+a+Double+Amputee%2C+Man+Gains+Two+Bionic+Arms%3A+http%3A%2F%2Fbit.ly%2F13gFsZD""><img src=""http://a.fsdn.com/sd/twitter_icon_large.png""></a> <a class=""slashpop"" href=""http://www.facebook.com/sharer.php?u=http%3A%2F%2Fscience.slashdot.org%2Fstory%2F14%2F12%2F18%2F1636233%2Fafter-40-years-as-a-double-amputee-man-gains-two-bionic-arms%3Futm_source%3Dslashdot%26utm_medium%3Dfacebook""><img src=""http://a.fsdn.com/sd/facebook_icon_large.png""></a> <a class=""nobg"" href=""http://plus.google.com/share?url=http://science.slashdot.org/story/14/12/18/1636233/after-40-years-as-a-double-amputee-man-gains-two-bionic-arms?utm_source=slashdot&amp;utm_medium=googleplus"" onclick=""javascript:window.open(this.href,'', 'menubar=no,toolbar=no,resizable=yes,scrollbars=yes,height=600,width=600');return false;""><img src=""http://www.gstatic.com/images/icons/gplus-16.png"" alt=""Share on Google+""/></a> </div></p><p><a href=""http://science.slashdot.org/story/14/12/18/1636233/after-40-years-as-a-double-amputee-man-gains-two-bionic-arms?utm_source=rss1.0moreanon&amp;utm_medium=feed"">Read more of this story</a> at Slashdot.</p><iframe src=""http://slashdot.org/slashdot-it.pl?op=discuss&amp;id=6438995&amp;smallembed=1"" style=""height: 300px; width: 100%; border: none;""></iframe><img width='1' height='1' src='http://slashdot.feedsportal.com/c/35028/f/647410/s/4195392d/sc/23/mf.gif' border='0'/><br clear='all'/><br/><br/><a href=""http://da.feedsportal.com/r/216443008505/u/49/f/647410/c/35028/s/4195392d/sc/23/rc/1/rc.htm"" rel=""nofollow""><img src=""http://da.feedsportal.com/r/216443008505/u/49/f/647410/c/35028/s/4195392d/sc/23/rc/1/rc.img"" border=""0""/></a><br/><a href=""http://da.feedsportal.com/r/216443008505/u/49/f/647410/c/35028/s/4195392d/sc/23/rc/2/rc.htm"" rel=""nofollow""><img src=""http://da.feedsportal.com/r/216443008505/u/49/f/647410/c/35028/s/4195392d/sc/23/rc/2/rc.img"" border=""0""/></a><br/><a href=""http://da.feedsportal.com/r/216443008505/u/49/f/647410/c/35028/s/4195392d/sc/23/rc/3/rc.htm"" rel=""nofollow""><img src=""http://da.feedsportal.com/r/216443008505/u/49/f/647410/c/35028/s/4195392d/sc/23/rc/3/rc.img"" border=""0""/></a><br/><br/><a href=""http://da.feedsportal.com/r/216443008505/u/49/f/647410/c/35028/s/4195392d/sc/23/a2.htm""><img src=""http://da.feedsportal.com/r/216443008505/u/49/f/647410/c/35028/s/4195392d/sc/23/a2.img"" border=""0""/></a><img width=""1"" height=""1"" src=""http://pi.feedsportal.com/r/216443008505/u/49/f/647410/c/35028/s/4195392d/sc/23/a2t.img"" border=""0""/><img src=""//feeds.feedburner.com/~r/Slashdot/slashdot/~4/__z3ZfrD3PM"" height=""1"" width=""1"" alt=""""/>"
"Americans oppose drone use 2-to-1, poll finds (CBS News)",http://news.feedzilla.com/en_us/stories/science/411401156?client_source=api&format=json,"More than 40 percent of people worry that privacy invasions outweigh the
benefits of using drones for commercial purposes

"
Ars Reviews Skype Translator,http://rss.slashdot.org/~r/Slashdot/slashdot/~3/fJCsXxzlzH0/story01.htm,"Esra Erimez writes Peter Bright doesn't speak a word of Spanish but with Skype Translator he was able to have a spoken conversation with a Spanish speaker as if he was in an episode of Star Trek. He spoke English. A moment later, an English language transcription would appear, along with a Spanish translation. Then a Spanish voice would read that translation.<p><div class=""share_submission"" style=""position:relative;""> <a class=""slashpop"" href=""http://twitter.com/home?status=Ars+Reviews+Skype+Translator%3A+http%3A%2F%2Fbit.ly%2F1xsOf8g""><img src=""http://a.fsdn.com/sd/twitter_icon_large.png""></a> <a class=""slashpop"" href=""http://www.facebook.com/sharer.php?u=http%3A%2F%2Fslashdot.org%2Fstory%2F14%2F12%2F18%2F2246249%2Fars-reviews-skype-translator%3Futm_source%3Dslashdot%26utm_medium%3Dfacebook""><img src=""http://a.fsdn.com/sd/facebook_icon_large.png""></a> <a class=""nobg"" href=""http://plus.google.com/share?url=http://slashdot.org/story/14/12/18/2246249/ars-reviews-skype-translator?utm_source=slashdot&amp;utm_medium=googleplus"" onclick=""javascript:window.open(this.href,'', 'menubar=no,toolbar=no,resizable=yes,scrollbars=yes,height=600,width=600');return false;""><img src=""http://www.gstatic.com/images/icons/gplus-16.png"" alt=""Share on Google+""/></a> </div></p><p><a href=""http://slashdot.org/story/14/12/18/2246249/ars-reviews-skype-translator?utm_source=rss1.0moreanon&amp;utm_medium=feed"">Read more of this story</a> at Slashdot.</p><iframe src=""http://slashdot.org/slashdot-it.pl?op=discuss&amp;id=6440543&amp;smallembed=1"" style=""height: 300px; width: 100%; border: none;""></iframe><img width='1' height='1' src='http://slashdot.feedsportal.com/c/35028/f/647410/s/4197a496/sc/38/mf.gif' border='0'/><br clear='all'/><br/><br/><a href=""http://da.feedsportal.com/r/216443010081/u/49/f/647410/c/35028/s/4197a496/sc/38/rc/1/rc.htm"" rel=""nofollow""><img src=""http://da.feedsportal.com/r/216443010081/u/49/f/647410/c/35028/s/4197a496/sc/38/rc/1/rc.img"" border=""0""/></a><br/><a href=""http://da.feedsportal.com/r/216443010081/u/49/f/647410/c/35028/s/4197a496/sc/38/rc/2/rc.htm"" rel=""nofollow""><img src=""http://da.feedsportal.com/r/216443010081/u/49/f/647410/c/35028/s/4197a496/sc/38/rc/2/rc.img"" border=""0""/></a><br/><a href=""http://da.feedsportal.com/r/216443010081/u/49/f/647410/c/35028/s/4197a496/sc/38/rc/3/rc.htm"" rel=""nofollow""><img src=""http://da.feedsportal.com/r/216443010081/u/49/f/647410/c/35028/s/4197a496/sc/38/rc/3/rc.img"" border=""0""/></a><br/><br/><a href=""http://da.feedsportal.com/r/216443010081/u/49/f/647410/c/35028/s/4197a496/sc/38/a2.htm""><img src=""http://da.feedsportal.com/r/216443010081/u/49/f/647410/c/35028/s/4197a496/sc/38/a2.img"" border=""0""/></a><img width=""1"" height=""1"" src=""http://pi.feedsportal.com/r/216443010081/u/49/f/647410/c/35028/s/4197a496/sc/38/a2t.img"" border=""0""/><img src=""//feeds.feedburner.com/~r/Slashdot/slashdot/~4/fJCsXxzlzH0"" height=""1"" width=""1"" alt=""""/>"
Ask Slashdot: What Can I Really Do With a Smart Watch?,http://rss.slashdot.org/~r/Slashdot/slashdot/~3/gzk2GjVzmi8/story01.htm,"kwelch007 writes I commonly work in a clean-room (CR.) As such, I commonly need access to my smart-phone for various reasons while inside the CR...but, I commonly keep it in my front pocket INSIDE my clean-suit. Therefore, to get my phone out of my pocket, I have to leave the room, get my phone out of my pocket, and because I have a one track mind, commonly leave it sitting on a table or something in the CR, so I then have to either have someone bring it to me, or suit back up and go get it myself...a real pain. I have been looking in to getting a 'Smart Watch' (I'm preferential to Android, but I know Apple has similar smart-watches.) I would use a smart-watch as a convenient, easy to transport and access method to access basic communications (email alerts, text, weather maps, etc.) The problem I'm finding while researching these devices is, I'm not finding many apps. Sure, they can look like a nice digital watch, but I can spend $10 for that...not the several hundred or whatever to buy a smart-watch. What are some apps I can get? (don't care about platform, don't care if they're free) I just want to know what's the best out there, and what it can do? I couldn't care less about it being a watch...we have these things called clocks all over the place. I need various sorts of data access. I don't care if it has to pair with my smart-phone using Bluetooth or whatever, and it won't have to be a 100% solution...it would be more of a convenience that is worth the several hundred dollars to me. My phone will never be more than 5 feet away, it's just inconvenient to physically access it. Further, I am also a developer...what is the best platform to develop for these wearable devices on, and why? Maybe I could make my own apps? Is it worth waiting for the next generation of smart-watches?<p><div class=""share_submission"" style=""position:relative;""> <a class=""slashpop"" href=""http://twitter.com/home?status=Ask+Slashdot%3A++What+Can+I+Really+Do+With+a+Smart+Watch%3F%3A+http%3A%2F%2Fbit.ly%2F13E9szu""><img src=""http://a.fsdn.com/sd/twitter_icon_large.png""></a> <a class=""slashpop"" href=""http://www.facebook.com/sharer.php?u=http%3A%2F%2Fhardware.slashdot.org%2Fstory%2F14%2F12%2F18%2F200206%2Fask-slashdot-what-can-i-really-do-with-a-smart-watch%3Futm_source%3Dslashdot%26utm_medium%3Dfacebook""><img src=""http://a.fsdn.com/sd/facebook_icon_large.png""></a> <a class=""nobg"" href=""http://plus.google.com/share?url=http://hardware.slashdot.org/story/14/12/18/200206/ask-slashdot-what-can-i-really-do-with-a-smart-watch?utm_source=slashdot&amp;utm_medium=googleplus"" onclick=""javascript:window.open(this.href,'', 'menubar=no,toolbar=no,resizable=yes,scrollbars=yes,height=600,width=600');return false;""><img src=""http://www.gstatic.com/images/icons/gplus-16.png"" alt=""Share on Google+""/></a> </div></p><p><a href=""http://hardware.slashdot.org/story/14/12/18/200206/ask-slashdot-what-can-i-really-do-with-a-smart-watch?utm_source=rss1.0moreanon&amp;utm_medium=feed"">Read more of this story</a> at Slashdot.</p><iframe src=""http://slashdot.org/slashdot-it.pl?op=discuss&amp;id=6440103&amp;smallembed=1"" style=""height: 300px; width: 100%; border: none;""></iframe><img width='1' height='1' src='http://slashdot.feedsportal.com/c/35028/f/647410/s/41967710/sc/36/mf.gif' border='0'/><br clear='all'/><br/><br/><a href=""http://da.feedsportal.com/r/216443006353/u/49/f/647410/c/35028/s/41967710/sc/36/rc/1/rc.htm"" rel=""nofollow""><img src=""http://da.feedsportal.com/r/216443006353/u/49/f/647410/c/35028/s/41967710/sc/36/rc/1/rc.img"" border=""0""/></a><br/><a href=""http://da.feedsportal.com/r/216443006353/u/49/f/647410/c/35028/s/41967710/sc/36/rc/2/rc.htm"" rel=""nofollow""><img src=""http://da.feedsportal.com/r/216443006353/u/49/f/647410/c/35028/s/41967710/sc/36/rc/2/rc.img"" border=""0""/></a><br/><a href=""http://da.feedsportal.com/r/216443006353/u/49/f/647410/c/35028/s/41967710/sc/36/rc/3/rc.htm"" rel=""nofollow""><img src=""http://da.feedsportal.com/r/216443006353/u/49/f/647410/c/35028/s/41967710/sc/36/rc/3/rc.img"" border=""0""/></a><br/><br/><a href=""http://da.feedsportal.com/r/216443006353/u/49/f/647410/c/35028/s/41967710/sc/36/a2.htm""><img src=""http://da.feedsportal.com/r/216443006353/u/49/f/647410/c/35028/s/41967710/sc/36/a2.img"" border=""0""/></a><img width=""1"" height=""1"" src=""http://pi.feedsportal.com/r/216443006353/u/49/f/647410/c/35028/s/41967710/sc/36/a2t.img"" border=""0""/><img src=""//feeds.feedburner.com/~r/Slashdot/slashdot/~4/gzk2GjVzmi8"" height=""1"" width=""1"" alt=""""/>"
Australia Moves Toward New Restrictions On Technology Export and Publication,http://rss.slashdot.org/~r/Slashdot/slashdot/~3/rVgj8HweOH8/story01.htm,"An anonymous reader writes Australia is starting a public consultation process for new legislation that further restricts the publication and export of technology on national security grounds. The public consultation starts now (a few days before Christmas) and it is due by Jan 30th while a lot of Australians are on holidays. I don't have the legal expertise to dissect the proposed legislation, but I'd like some more public scrutiny on it. I find particularly disturbing the phrase ""The Bill includes defences that reverse the onus of proof which limit the right to be presumed innocent until proven guilty"" contained in this document, also available on the consultation web site.<p><div class=""share_submission"" style=""position:relative;""> <a class=""slashpop"" href=""http://twitter.com/home?status=Australia+Moves+Toward+New+Restrictions+On+Technology+Export+and+Publication%3A+http%3A%2F%2Fbit.ly%2F1z1waJQ""><img src=""http://a.fsdn.com/sd/twitter_icon_large.png""></a> <a class=""slashpop"" href=""http://www.facebook.com/sharer.php?u=http%3A%2F%2Fyro.slashdot.org%2Fstory%2F14%2F12%2F18%2F1926202%2Faustralia-moves-toward-new-restrictions-on-technology-export-and-publication%3Futm_source%3Dslashdot%26utm_medium%3Dfacebook""><img src=""http://a.fsdn.com/sd/facebook_icon_large.png""></a> <a class=""nobg"" href=""http://plus.google.com/share?url=http://yro.slashdot.org/story/14/12/18/1926202/australia-moves-toward-new-restrictions-on-technology-export-and-publication?utm_source=slashdot&amp;utm_medium=googleplus"" onclick=""javascript:window.open(this.href,'', 'menubar=no,toolbar=no,resizable=yes,scrollbars=yes,height=600,width=600');return false;""><img src=""http://www.gstatic.com/images/icons/gplus-16.png"" alt=""Share on Google+""/></a> </div></p><p><a href=""http://yro.slashdot.org/story/14/12/18/1926202/australia-moves-toward-new-restrictions-on-technology-export-and-publication?utm_source=rss1.0moreanon&amp;utm_medium=feed"">Read more of this story</a> at Slashdot.</p><iframe src=""http://slashdot.org/slashdot-it.pl?op=discuss&amp;id=6439961&amp;smallembed=1"" style=""height: 300px; width: 100%; border: none;""></iframe><img width='1' height='1' src='http://slashdot.feedsportal.com/c/35028/f/647410/s/41962574/sc/1/mf.gif' border='0'/><br clear='all'/><br/><br/><a href=""http://da.feedsportal.com/r/216443049463/u/49/f/647410/c/35028/s/41962574/sc/1/rc/1/rc.htm"" rel=""nofollow""><img src=""http://da.feedsportal.com/r/216443049463/u/49/f/647410/c/35028/s/41962574/sc/1/rc/1/rc.img"" border=""0""/></a><br/><a href=""http://da.feedsportal.com/r/216443049463/u/49/f/647410/c/35028/s/41962574/sc/1/rc/2/rc.htm"" rel=""nofollow""><img src=""http://da.feedsportal.com/r/216443049463/u/49/f/647410/c/35028/s/41962574/sc/1/rc/2/rc.img"" border=""0""/></a><br/><a href=""http://da.feedsportal.com/r/216443049463/u/49/f/647410/c/35028/s/41962574/sc/1/rc/3/rc.htm"" rel=""nofollow""><img src=""http://da.feedsportal.com/r/216443049463/u/49/f/647410/c/35028/s/41962574/sc/1/rc/3/rc.img"" border=""0""/></a><br/><br/><a href=""http://da.feedsportal.com/r/216443049463/u/49/f/647410/c/35028/s/41962574/sc/1/a2.htm""><img src=""http://da.feedsportal.com/r/216443049463/u/49/f/647410/c/35028/s/41962574/sc/1/a2.img"" border=""0""/></a><img width=""1"" height=""1"" src=""http://pi.feedsportal.com/r/216443049463/u/49/f/647410/c/35028/s/41962574/sc/1/a2t.img"" border=""0""/><img src=""//feeds.feedburner.com/~r/Slashdot/slashdot/~4/rVgj8HweOH8"" height=""1"" width=""1"" alt=""""/>"
Cause and Effect: How a Revolutionary New Statistical Test Can Tease Them Apart,http://rss.slashdot.org/~r/Slashdot/slashdot/~3/YwC4Yj52oWU/story01.htm,"KentuckyFC writes Statisticians have long thought it impossible to tell cause and effect apart using observational data. The problem is to take two sets of measurements that are correlated, say X and Y, and to find out if X caused Y or Y caused X. That's straightforward with a controlled experiment in which one variable can be held constant to see how this influences the other. Take for example, a correlation between wind speed and the rotation speed of a wind turbine. Observational data gives no clue about cause and effect but an experiment that holds the wind speed constant while measuring the speed of the turbine, and vice versa, would soon give an answer. But in the last couple of years, statisticians have developed a technique that can tease apart cause and effect from the observational data alone. It is based on the idea that any set of measurements always contain noise. However, the noise in the cause variable can influence the effect but not the other way round. So the noise in the effect dataset is always more complex than the noise in the cause dataset. The new statistical test, known as the additive noise model, is designed to find this asymmetry. Now statisticians have tested the model on 88 sets of cause-and-effect data, ranging from altitude and temperature measurements at German weather stations to the correlation between rent and apartment size in student accommodation.The results suggest that the additive noise model can tease apart cause and effect correctly in up to 80 per cent of the cases (provided there are no confounding factors or selection effects). That's a useful new trick in a statistician's armoury, particularly in areas of science where controlled experiments are expensive, unethical or practically impossible.<p><div class=""share_submission"" style=""position:relative;""> <a class=""slashpop"" href=""http://twitter.com/home?status=Cause+and+Effect%3A+How+a+Revolutionary+New+Statistical+Test+Can+Tease+Them+Apart%3A+http%3A%2F%2Fbit.ly%2F1C6jqF5""><img src=""http://a.fsdn.com/sd/twitter_icon_large.png""></a> <a class=""slashpop"" href=""http://www.facebook.com/sharer.php?u=http%3A%2F%2Fscience.slashdot.org%2Fstory%2F14%2F12%2F18%2F1810221%2Fcause-and-effect-how-a-revolutionary-new-statistical-test-can-tease-them-apart%3Futm_source%3Dslashdot%26utm_medium%3Dfacebook""><img src=""http://a.fsdn.com/sd/facebook_icon_large.png""></a> <a class=""nobg"" href=""http://plus.google.com/share?url=http://science.slashdot.org/story/14/12/18/1810221/cause-and-effect-how-a-revolutionary-new-statistical-test-can-tease-them-apart?utm_source=slashdot&amp;utm_medium=googleplus"" onclick=""javascript:window.open(this.href,'', 'menubar=no,toolbar=no,resizable=yes,scrollbars=yes,height=600,width=600');return false;""><img src=""http://www.gstatic.com/images/icons/gplus-16.png"" alt=""Share on Google+""/></a> </div></p><p><a href=""http://science.slashdot.org/story/14/12/18/1810221/cause-and-effect-how-a-revolutionary-new-statistical-test-can-tease-them-apart?utm_source=rss1.0moreanon&amp;utm_medium=feed"">Read more of this story</a> at Slashdot.</p><iframe src=""http://slashdot.org/slashdot-it.pl?op=discuss&amp;id=6439667&amp;smallembed=1"" style=""height: 300px; width: 100%; border: none;""></iframe><img width='1' height='1' src='http://slashdot.feedsportal.com/c/35028/f/647410/s/4195a3e9/sc/4/mf.gif' border='0'/><br clear='all'/><br/><br/><a href=""http://da.feedsportal.com/r/216443012440/u/49/f/647410/c/35028/s/4195a3e9/sc/4/rc/1/rc.htm"" rel=""nofollow""><img src=""http://da.feedsportal.com/r/216443012440/u/49/f/647410/c/35028/s/4195a3e9/sc/4/rc/1/rc.img"" border=""0""/></a><br/><a href=""http://da.feedsportal.com/r/216443012440/u/49/f/647410/c/35028/s/4195a3e9/sc/4/rc/2/rc.htm"" rel=""nofollow""><img src=""http://da.feedsportal.com/r/216443012440/u/49/f/647410/c/35028/s/4195a3e9/sc/4/rc/2/rc.img"" border=""0""/></a><br/><a href=""http://da.feedsportal.com/r/216443012440/u/49/f/647410/c/35028/s/4195a3e9/sc/4/rc/3/rc.htm"" rel=""nofollow""><img src=""http://da.feedsportal.com/r/216443012440/u/49/f/647410/c/35028/s/4195a3e9/sc/4/rc/3/rc.img"" border=""0""/></a><br/><br/><a href=""http://da.feedsportal.com/r/216443012440/u/49/f/647410/c/35028/s/4195a3e9/sc/4/a2.htm""><img src=""http://da.feedsportal.com/r/216443012440/u/49/f/647410/c/35028/s/4195a3e9/sc/4/a2.img"" border=""0""/></a><img width=""1"" height=""1"" src=""http://pi.feedsportal.com/r/216443012440/u/49/f/647410/c/35028/s/4195a3e9/sc/4/a2t.img"" border=""0""/><img src=""//feeds.feedburner.com/~r/Slashdot/slashdot/~4/YwC4Yj52oWU"" height=""1"" width=""1"" alt=""""/>"
Citizen Science at the California Academy of Sciences (Discover Magazine),http://news.feedzilla.com/en_us/stories/science/411378605?client_source=api&format=json,"Editors Note: This is a guest post by Alison Young, Citizen Science Engagement
Coordinator and Rebecca Johnson, Citizen Science Research Coordinator at the
California Academy of Sciences. It is part of a SciStarter series highlighting
Citizen Science at Science Centers. The authors talk about how the Academy
connects communities to their local biodiversity through citizen science with
the help of iNaturalist, their technology partner. iNaturalist is also part of
more than 800 citizen science pro

"
Colorado Sued By Neighboring States Over Legal Pot,http://rss.slashdot.org/~r/Slashdot/slashdot/~3/PEIQNWDo8qU/story01.htm,"SternisheFan notes that Nebraska and Oklahoma are suing Colorado over marijuana legalization. The attorneys general of Nebraska and Oklahoma sued Colorado in the U.S. Supreme Court on Thursday, arguing state-legalized marijuana from Colorado is improperly spilling across state lines. The suit invokes the federal government's right to regulate both drugs and interstate commerce, and says Colorado's decision to legalize marijuana has been ""particularly burdensome"" to police agencies on the other side of the state line. In June, USA TODAY highlighted the flow of marijuana from Colorado into small towns across Nebraska: felony drug arrests in Chappell, Neb., just 7 miles north of the Colorado border have skyrocketed 400% in three years. ""In passing and enforcing Amendment 64, the state of Colorado has created a dangerous gap in the federal drug control system enacted by the United States Congress. Marijuana flows from this gap into neighboring states, undermining plaintiff states' own marijuana bans, draining their treasuries, and placing stress on their criminal justice systems,"" says the lawsuit. ""The Constitution and the federal anti-drug laws do not permit the development of a patchwork of state and local pro-drug policies and licensed distribution schemes throughout the country which conflict with federal laws.""<p><div class=""share_submission"" style=""position:relative;""> <a class=""slashpop"" href=""http://twitter.com/home?status=Colorado+Sued+By+Neighboring+States+Over+Legal+Pot%3A+http%3A%2F%2Fbit.ly%2F1wKfr0r""><img src=""http://a.fsdn.com/sd/twitter_icon_large.png""></a> <a class=""slashpop"" href=""http://www.facebook.com/sharer.php?u=http%3A%2F%2Fyro.slashdot.org%2Fstory%2F14%2F12%2F19%2F0116223%2Fcolorado-sued-by-neighboring-states-over-legal-pot%3Futm_source%3Dslashdot%26utm_medium%3Dfacebook""><img src=""http://a.fsdn.com/sd/facebook_icon_large.png""></a> <a class=""nobg"" href=""http://plus.google.com/share?url=http://yro.slashdot.org/story/14/12/19/0116223/colorado-sued-by-neighboring-states-over-legal-pot?utm_source=slashdot&amp;utm_medium=googleplus"" onclick=""javascript:window.open(this.href,'', 'menubar=no,toolbar=no,resizable=yes,scrollbars=yes,height=600,width=600');return false;""><img src=""http://www.gstatic.com/images/icons/gplus-16.png"" alt=""Share on Google+""/></a> </div></p><p><a href=""http://yro.slashdot.org/story/14/12/19/0116223/colorado-sued-by-neighboring-states-over-legal-pot?utm_source=rss1.0moreanon&amp;utm_medium=feed"">Read more of this story</a> at Slashdot.</p><iframe src=""http://slashdot.org/slashdot-it.pl?op=discuss&amp;id=6440935&amp;smallembed=1"" style=""height: 300px; width: 100%; border: none;""></iframe><img width='1' height='1' src='http://slashdot.feedsportal.com/c/35028/f/647410/s/419bec6f/sc/1/mf.gif' border='0'/><br clear='all'/><br/><br/><a href=""http://da.feedsportal.com/r/216443074545/u/49/f/647410/c/35028/s/419bec6f/sc/1/rc/1/rc.htm"" rel=""nofollow""><img src=""http://da.feedsportal.com/r/216443074545/u/49/f/647410/c/35028/s/419bec6f/sc/1/rc/1/rc.img"" border=""0""/></a><br/><a href=""http://da.feedsportal.com/r/216443074545/u/49/f/647410/c/35028/s/419bec6f/sc/1/rc/2/rc.htm"" rel=""nofollow""><img src=""http://da.feedsportal.com/r/216443074545/u/49/f/647410/c/35028/s/419bec6f/sc/1/rc/2/rc.img"" border=""0""/></a><br/><a href=""http://da.feedsportal.com/r/216443074545/u/49/f/647410/c/35028/s/419bec6f/sc/1/rc/3/rc.htm"" rel=""nofollow""><img src=""http://da.feedsportal.com/r/216443074545/u/49/f/647410/c/35028/s/419bec6f/sc/1/rc/3/rc.img"" border=""0""/></a><br/><br/><a href=""http://da.feedsportal.com/r/216443074545/u/49/f/647410/c/35028/s/419bec6f/sc/1/a2.htm""><img src=""http://da.feedsportal.com/r/216443074545/u/49/f/647410/c/35028/s/419bec6f/sc/1/a2.img"" border=""0""/></a><img width=""1"" height=""1"" src=""http://pi.feedsportal.com/r/216443074545/u/49/f/647410/c/35028/s/419bec6f/sc/1/a2t.img"" border=""0""/><img src=""//feeds.feedburner.com/~r/Slashdot/slashdot/~4/PEIQNWDo8qU"" height=""1"" width=""1"" alt=""""/>"
Critical Git Security Vulnerability Announced,http://rss.slashdot.org/~r/Slashdot/slashdot/~3/9-ODpjH9zcQ/story01.htm,"An anonymous reader writes Github has announced a security vulnerability and has encouraged users to update their Git clients as soon as possible. The blog post reads in part: ""A critical Git security vulnerability has been announced today, affecting all versions of the official Git client and all related software that interacts with Git repositories, including GitHub for Windows and GitHub for Mac. Because this is a client-side only vulnerability, github.com and GitHub Enterprise are not directly affected. The vulnerability concerns Git and Git-compatible clients that access Git repositories in a case-insensitive or case-normalizing filesystem. An attacker can craft a malicious Git tree that will cause Git to overwrite its own .git/config file when cloning or checking out a repository, leading to arbitrary command execution in the client machine. Git clients running on OS X (HFS+) or any version of Microsoft Windows (NTFS, FAT) are exploitable through this vulnerability. Linux clients are not affected if they run in a case-sensitive filesystem....Updated versions of GitHub for Windows and GitHub for Mac are available for immediate download, and both contain the security fix on the Desktop application itself and on the bundled version of the Git command-line client.""<p><div class=""share_submission"" style=""position:relative;""> <a class=""slashpop"" href=""http://twitter.com/home?status=Critical+Git+Security+Vulnerability+Announced%3A+http%3A%2F%2Fbit.ly%2F1DQLCRb""><img src=""http://a.fsdn.com/sd/twitter_icon_large.png""></a> <a class=""slashpop"" href=""http://www.facebook.com/sharer.php?u=http%3A%2F%2Fit.slashdot.org%2Fstory%2F14%2F12%2F18%2F2346238%2Fcritical-git-security-vulnerability-announced%3Futm_source%3Dslashdot%26utm_medium%3Dfacebook""><img src=""http://a.fsdn.com/sd/facebook_icon_large.png""></a> <a class=""nobg"" href=""http://plus.google.com/share?url=http://it.slashdot.org/story/14/12/18/2346238/critical-git-security-vulnerability-announced?utm_source=slashdot&amp;utm_medium=googleplus"" onclick=""javascript:window.open(this.href,'', 'menubar=no,toolbar=no,resizable=yes,scrollbars=yes,height=600,width=600');return false;""><img src=""http://www.gstatic.com/images/icons/gplus-16.png"" alt=""Share on Google+""/></a> </div></p><p><a href=""http://it.slashdot.org/story/14/12/18/2346238/critical-git-security-vulnerability-announced?utm_source=rss1.0moreanon&amp;utm_medium=feed"">Read more of this story</a> at Slashdot.</p><iframe src=""http://slashdot.org/slashdot-it.pl?op=discuss&amp;id=6440669&amp;smallembed=1"" style=""height: 300px; width: 100%; border: none;""></iframe><img width='1' height='1' src='http://slashdot.feedsportal.com/c/35028/f/647410/s/4197b5fd/sc/4/mf.gif' border='0'/><br clear='all'/><br/><br/><a href=""http://da.feedsportal.com/r/216443012304/u/49/f/647410/c/35028/s/4197b5fd/sc/4/rc/1/rc.htm"" rel=""nofollow""><img src=""http://da.feedsportal.com/r/216443012304/u/49/f/647410/c/35028/s/4197b5fd/sc/4/rc/1/rc.img"" border=""0""/></a><br/><a href=""http://da.feedsportal.com/r/216443012304/u/49/f/647410/c/35028/s/4197b5fd/sc/4/rc/2/rc.htm"" rel=""nofollow""><img src=""http://da.feedsportal.com/r/216443012304/u/49/f/647410/c/35028/s/4197b5fd/sc/4/rc/2/rc.img"" border=""0""/></a><br/><a href=""http://da.feedsportal.com/r/216443012304/u/49/f/647410/c/35028/s/4197b5fd/sc/4/rc/3/rc.htm"" rel=""nofollow""><img src=""http://da.feedsportal.com/r/216443012304/u/49/f/647410/c/35028/s/4197b5fd/sc/4/rc/3/rc.img"" border=""0""/></a><br/><br/><a href=""http://da.feedsportal.com/r/216443012304/u/49/f/647410/c/35028/s/4197b5fd/sc/4/a2.htm""><img src=""http://da.feedsportal.com/r/216443012304/u/49/f/647410/c/35028/s/4197b5fd/sc/4/a2.img"" border=""0""/></a><img width=""1"" height=""1"" src=""http://pi.feedsportal.com/r/216443012304/u/49/f/647410/c/35028/s/4197b5fd/sc/4/a2t.img"" border=""0""/><img src=""//feeds.feedburner.com/~r/Slashdot/slashdot/~4/9-ODpjH9zcQ"" height=""1"" width=""1"" alt=""""/>"
EMLab P&K Launches Customizable Fungal Glossary for Spore Trap Reports with Mold Analysis (24-7 Pressrelease),http://news.feedzilla.com/en_us/stories/science/411388731?client_source=api&format=json,"EMLab P&K's Fungal Glossary is now available for spore trap reports. Clients
of the mold lab can include a customizable list of fungi with their spore trap
reports to send to their end clients.

"
Europa's Icy Jigsaw Puzzle Solved (Discover Magazine),http://news.feedzilla.com/en_us/stories/science/411387595?client_source=api&format=json,"Evidence of plate tectonics is detected on Jupiter's moon.

"
Europe recommends approval for first stem-cell therapy (reuters),http://news.feedzilla.com/en_us/stories/science/411399473?client_source=api&format=json,"LONDON (Reuters) - European regulators have recommended approval of the first
medicine containing stem cells to treat a rare condition caused by burns to
the eye.

"
Extracting Data From the Microsoft Band,http://rss.slashdot.org/~r/Slashdot/slashdot/~3/RvdXR6hCFrY/story01.htm,"An anonymous reader writes The Microsoft Band, introduced last month, hosts a slew of amazing sensors, but like so many wearable computing devices, users are unable to access their own data. A Brown University professor decompiles the app, finds that the data is transmitted to the Microsoft ""cloud"", and explains how to intercept the traffic to retrieve the raw minute-by-minute data captured by the Band.<p><div class=""share_submission"" style=""position:relative;""> <a class=""slashpop"" href=""http://twitter.com/home?status=Extracting+Data+From+the+Microsoft+Band%3A+http%3A%2F%2Fbit.ly%2F1zBuOYW""><img src=""http://a.fsdn.com/sd/twitter_icon_large.png""></a> <a class=""slashpop"" href=""http://www.facebook.com/sharer.php?u=http%3A%2F%2Fhardware.slashdot.org%2Fstory%2F14%2F12%2F18%2F2210221%2Fextracting-data-from-the-microsoft-band%3Futm_source%3Dslashdot%26utm_medium%3Dfacebook""><img src=""http://a.fsdn.com/sd/facebook_icon_large.png""></a> <a class=""nobg"" href=""http://plus.google.com/share?url=http://hardware.slashdot.org/story/14/12/18/2210221/extracting-data-from-the-microsoft-band?utm_source=slashdot&amp;utm_medium=googleplus"" onclick=""javascript:window.open(this.href,'', 'menubar=no,toolbar=no,resizable=yes,scrollbars=yes,height=600,width=600');return false;""><img src=""http://www.gstatic.com/images/icons/gplus-16.png"" alt=""Share on Google+""/></a> </div></p><p><a href=""http://hardware.slashdot.org/story/14/12/18/2210221/extracting-data-from-the-microsoft-band?utm_source=rss1.0moreanon&amp;utm_medium=feed"">Read more of this story</a> at Slashdot.</p><iframe src=""http://slashdot.org/slashdot-it.pl?op=discuss&amp;id=6440463&amp;smallembed=1"" style=""height: 300px; width: 100%; border: none;""></iframe><img width='1' height='1' src='http://slashdot.feedsportal.com/c/35028/f/647410/s/41970593/sc/21/mf.gif' border='0'/><br clear='all'/><br/><br/><a href=""http://da.feedsportal.com/r/216443009680/u/49/f/647410/c/35028/s/41970593/sc/21/rc/1/rc.htm"" rel=""nofollow""><img src=""http://da.feedsportal.com/r/216443009680/u/49/f/647410/c/35028/s/41970593/sc/21/rc/1/rc.img"" border=""0""/></a><br/><a href=""http://da.feedsportal.com/r/216443009680/u/49/f/647410/c/35028/s/41970593/sc/21/rc/2/rc.htm"" rel=""nofollow""><img src=""http://da.feedsportal.com/r/216443009680/u/49/f/647410/c/35028/s/41970593/sc/21/rc/2/rc.img"" border=""0""/></a><br/><a href=""http://da.feedsportal.com/r/216443009680/u/49/f/647410/c/35028/s/41970593/sc/21/rc/3/rc.htm"" rel=""nofollow""><img src=""http://da.feedsportal.com/r/216443009680/u/49/f/647410/c/35028/s/41970593/sc/21/rc/3/rc.img"" border=""0""/></a><br/><br/><a href=""http://da.feedsportal.com/r/216443009680/u/49/f/647410/c/35028/s/41970593/sc/21/a2.htm""><img src=""http://da.feedsportal.com/r/216443009680/u/49/f/647410/c/35028/s/41970593/sc/21/a2.img"" border=""0""/></a><img width=""1"" height=""1"" src=""http://pi.feedsportal.com/r/216443009680/u/49/f/647410/c/35028/s/41970593/sc/21/a2t.img"" border=""0""/><img src=""//feeds.feedburner.com/~r/Slashdot/slashdot/~4/RvdXR6hCFrY"" height=""1"" width=""1"" alt=""""/>"
FBI Confirms Open Investigation Into Gamergate,http://rss.slashdot.org/~r/Slashdot/slashdot/~3/y1HJEJ7ALuM/story01.htm,"v3rgEz writes In a terse form letter responding to a FOIA request, the FBI has confirmed it has an open investigation into Gamergate, the loose but controversial coalition of gamers calling for ethics in gaming journalism &mdash; even as some members have harassed and sent death threats to female gaming developers and critics.<p><div class=""share_submission"" style=""position:relative;""> <a class=""slashpop"" href=""http://twitter.com/home?status=FBI+Confirms+Open+Investigation+Into+Gamergate%3A+http%3A%2F%2Fbit.ly%2F13ijcyA""><img src=""http://a.fsdn.com/sd/twitter_icon_large.png""></a> <a class=""slashpop"" href=""http://www.facebook.com/sharer.php?u=http%3A%2F%2Fyro.slashdot.org%2Fstory%2F14%2F12%2F18%2F2315220%2Ffbi-confirms-open-investigation-into-gamergate%3Futm_source%3Dslashdot%26utm_medium%3Dfacebook""><img src=""http://a.fsdn.com/sd/facebook_icon_large.png""></a> <a class=""nobg"" href=""http://plus.google.com/share?url=http://yro.slashdot.org/story/14/12/18/2315220/fbi-confirms-open-investigation-into-gamergate?utm_source=slashdot&amp;utm_medium=googleplus"" onclick=""javascript:window.open(this.href,'', 'menubar=no,toolbar=no,resizable=yes,scrollbars=yes,height=600,width=600');return false;""><img src=""http://www.gstatic.com/images/icons/gplus-16.png"" alt=""Share on Google+""/></a> </div></p><p><a href=""http://yro.slashdot.org/story/14/12/18/2315220/fbi-confirms-open-investigation-into-gamergate?utm_source=rss1.0moreanon&amp;utm_medium=feed"">Read more of this story</a> at Slashdot.</p><iframe src=""http://slashdot.org/slashdot-it.pl?op=discuss&amp;id=6440619&amp;smallembed=1"" style=""height: 300px; width: 100%; border: none;""></iframe><img width='1' height='1' src='http://slashdot.feedsportal.com/c/35028/f/647410/s/419951a3/sc/8/mf.gif' border='0'/><br clear='all'/><br/><br/><a href=""http://da.feedsportal.com/r/216443066892/u/49/f/647410/c/35028/s/419951a3/sc/8/rc/1/rc.htm"" rel=""nofollow""><img src=""http://da.feedsportal.com/r/216443066892/u/49/f/647410/c/35028/s/419951a3/sc/8/rc/1/rc.img"" border=""0""/></a><br/><a href=""http://da.feedsportal.com/r/216443066892/u/49/f/647410/c/35028/s/419951a3/sc/8/rc/2/rc.htm"" rel=""nofollow""><img src=""http://da.feedsportal.com/r/216443066892/u/49/f/647410/c/35028/s/419951a3/sc/8/rc/2/rc.img"" border=""0""/></a><br/><a href=""http://da.feedsportal.com/r/216443066892/u/49/f/647410/c/35028/s/419951a3/sc/8/rc/3/rc.htm"" rel=""nofollow""><img src=""http://da.feedsportal.com/r/216443066892/u/49/f/647410/c/35028/s/419951a3/sc/8/rc/3/rc.img"" border=""0""/></a><br/><br/><a href=""http://da.feedsportal.com/r/216443066892/u/49/f/647410/c/35028/s/419951a3/sc/8/a2.htm""><img src=""http://da.feedsportal.com/r/216443066892/u/49/f/647410/c/35028/s/419951a3/sc/8/a2.img"" border=""0""/></a><img width=""1"" height=""1"" src=""http://pi.feedsportal.com/r/216443066892/u/49/f/647410/c/35028/s/419951a3/sc/8/a2t.img"" border=""0""/><img src=""//feeds.feedburner.com/~r/Slashdot/slashdot/~4/y1HJEJ7ALuM"" height=""1"" width=""1"" alt=""""/>"
For Sale: “Your Name Here” in a Prestigious Science Journal (Scientific American),http://news.feedzilla.com/en_us/stories/science/411333627?client_source=api&format=json,"An investigation into some scientific papers finds worrying irregularities


-- Read more on ScientificAmerican.com

"
Grinch Vulnerability Could Put a Hole In Your Linux Stocking,http://rss.slashdot.org/~r/Slashdot/slashdot/~3/31abOo_PJVk/story01.htm,"itwbennett writes In a blog post Tuesday, security service provider Alert Logic warned of a Linux vulnerability, named grinch after the well-known Dr. Seuss character, that could provide attackers with unfettered root access. The fundamental flaw resides in the Linux authorization system, which can inadvertently allow privilege escalation, granting a user full administrative access. Alert Logic warned that Grinch could be as severe as the Shellshock flaw that roiled the Internet in September. Update: 12/19 04:47 GMT by S : Reader deathcamaro points out that Red Hat and others say this is not a flaw at all, but expected behavior.<p><div class=""share_submission"" style=""position:relative;""> <a class=""slashpop"" href=""http://twitter.com/home?status=Grinch+Vulnerability+Could+Put+a+Hole+In+Your+Linux+Stocking%3A+http%3A%2F%2Fbit.ly%2F1v4N9tg""><img src=""http://a.fsdn.com/sd/twitter_icon_large.png""></a> <a class=""slashpop"" href=""http://www.facebook.com/sharer.php?u=http%3A%2F%2Flinux.slashdot.org%2Fstory%2F14%2F12%2F18%2F2022245%2Fgrinch-vulnerability-could-put-a-hole-in-your-linux-stocking%3Futm_source%3Dslashdot%26utm_medium%3Dfacebook""><img src=""http://a.fsdn.com/sd/facebook_icon_large.png""></a> <a class=""nobg"" href=""http://plus.google.com/share?url=http://linux.slashdot.org/story/14/12/18/2022245/grinch-vulnerability-could-put-a-hole-in-your-linux-stocking?utm_source=slashdot&amp;utm_medium=googleplus"" onclick=""javascript:window.open(this.href,'', 'menubar=no,toolbar=no,resizable=yes,scrollbars=yes,height=600,width=600');return false;""><img src=""http://www.gstatic.com/images/icons/gplus-16.png"" alt=""Share on Google+""/></a> </div></p><p><a href=""http://linux.slashdot.org/story/14/12/18/2022245/grinch-vulnerability-could-put-a-hole-in-your-linux-stocking?utm_source=rss1.0moreanon&amp;utm_medium=feed"">Read more of this story</a> at Slashdot.</p><iframe src=""http://slashdot.org/slashdot-it.pl?op=discuss&amp;id=6440165&amp;smallembed=1"" style=""height: 300px; width: 100%; border: none;""></iframe><img width='1' height='1' src='http://slashdot.feedsportal.com/c/35028/f/647410/s/4196d428/sc/4/mf.gif' border='0'/><br clear='all'/><br/><br/><a href=""http://da.feedsportal.com/r/216443016387/u/49/f/647410/c/35028/s/4196d428/sc/4/rc/1/rc.htm"" rel=""nofollow""><img src=""http://da.feedsportal.com/r/216443016387/u/49/f/647410/c/35028/s/4196d428/sc/4/rc/1/rc.img"" border=""0""/></a><br/><a href=""http://da.feedsportal.com/r/216443016387/u/49/f/647410/c/35028/s/4196d428/sc/4/rc/2/rc.htm"" rel=""nofollow""><img src=""http://da.feedsportal.com/r/216443016387/u/49/f/647410/c/35028/s/4196d428/sc/4/rc/2/rc.img"" border=""0""/></a><br/><a href=""http://da.feedsportal.com/r/216443016387/u/49/f/647410/c/35028/s/4196d428/sc/4/rc/3/rc.htm"" rel=""nofollow""><img src=""http://da.feedsportal.com/r/216443016387/u/49/f/647410/c/35028/s/4196d428/sc/4/rc/3/rc.img"" border=""0""/></a><br/><br/><a href=""http://da.feedsportal.com/r/216443016387/u/49/f/647410/c/35028/s/4196d428/sc/4/a2.htm""><img src=""http://da.feedsportal.com/r/216443016387/u/49/f/647410/c/35028/s/4196d428/sc/4/a2.img"" border=""0""/></a><img width=""1"" height=""1"" src=""http://pi.feedsportal.com/r/216443016387/u/49/f/647410/c/35028/s/4196d428/sc/4/a2t.img"" border=""0""/><img src=""//feeds.feedburner.com/~r/Slashdot/slashdot/~4/31abOo_PJVk"" height=""1"" width=""1"" alt=""""/>"
India Successfully Test Fires Its Heaviest Rocket,http://rss.slashdot.org/~r/Slashdot/slashdot/~3/6SwjZ1TWkdg/story01.htm,"vasanth (908280) writes India on Thursday moved forward in rocket technology with the successful flight testing of its heaviest next generation rocket and the crew module . The 630-tonne three-stage rocket, Geo-Synchronous Satellite Launch Vehicle Mark III, carried active solid boosters, liquid core stage and a passive cryo stage and a crew module to test its re-entry characteristics. This rocket is capable of doubling the capacity of payloads India can carry into space and it can deposit up to four tonne class of communication satellites into space. India also plans to use this rocket for ferrying Indian astronauts into space. For India, ISRO (the Indian space agency) perfecting the cryogenic engine technology is crucial as India can save precious foreign exchange by launching heavy duty communication satellites by itself.<p><div class=""share_submission"" style=""position:relative;""> <a class=""slashpop"" href=""http://twitter.com/home?status=India+Successfully+Test+Fires+Its+Heaviest+Rocket%3A+http%3A%2F%2Fbit.ly%2F1z92WOl""><img src=""http://a.fsdn.com/sd/twitter_icon_large.png""></a> <a class=""slashpop"" href=""http://www.facebook.com/sharer.php?u=http%3A%2F%2Fscience.slashdot.org%2Fstory%2F14%2F12%2F18%2F1846230%2Findia-successfully-test-fires-its-heaviest-rocket%3Futm_source%3Dslashdot%26utm_medium%3Dfacebook""><img src=""http://a.fsdn.com/sd/facebook_icon_large.png""></a> <a class=""nobg"" href=""http://plus.google.com/share?url=http://science.slashdot.org/story/14/12/18/1846230/india-successfully-test-fires-its-heaviest-rocket?utm_source=slashdot&amp;utm_medium=googleplus"" onclick=""javascript:window.open(this.href,'', 'menubar=no,toolbar=no,resizable=yes,scrollbars=yes,height=600,width=600');return false;""><img src=""http://www.gstatic.com/images/icons/gplus-16.png"" alt=""Share on Google+""/></a> </div></p><p><a href=""http://science.slashdot.org/story/14/12/18/1846230/india-successfully-test-fires-its-heaviest-rocket?utm_source=rss1.0moreanon&amp;utm_medium=feed"">Read more of this story</a> at Slashdot.</p><iframe src=""http://slashdot.org/slashdot-it.pl?op=discuss&amp;id=6439799&amp;smallembed=1"" style=""height: 300px; width: 100%; border: none;""></iframe><img width='1' height='1' src='http://slashdot.feedsportal.com/c/35028/f/647410/s/4195cc43/sc/18/mf.gif' border='0'/><br clear='all'/><br/><br/><a href=""http://da.feedsportal.com/r/216443004522/u/49/f/647410/c/35028/s/4195cc43/sc/18/rc/1/rc.htm"" rel=""nofollow""><img src=""http://da.feedsportal.com/r/216443004522/u/49/f/647410/c/35028/s/4195cc43/sc/18/rc/1/rc.img"" border=""0""/></a><br/><a href=""http://da.feedsportal.com/r/216443004522/u/49/f/647410/c/35028/s/4195cc43/sc/18/rc/2/rc.htm"" rel=""nofollow""><img src=""http://da.feedsportal.com/r/216443004522/u/49/f/647410/c/35028/s/4195cc43/sc/18/rc/2/rc.img"" border=""0""/></a><br/><a href=""http://da.feedsportal.com/r/216443004522/u/49/f/647410/c/35028/s/4195cc43/sc/18/rc/3/rc.htm"" rel=""nofollow""><img src=""http://da.feedsportal.com/r/216443004522/u/49/f/647410/c/35028/s/4195cc43/sc/18/rc/3/rc.img"" border=""0""/></a><br/><br/><a href=""http://da.feedsportal.com/r/216443004522/u/49/f/647410/c/35028/s/4195cc43/sc/18/a2.htm""><img src=""http://da.feedsportal.com/r/216443004522/u/49/f/647410/c/35028/s/4195cc43/sc/18/a2.img"" border=""0""/></a><img width=""1"" height=""1"" src=""http://pi.feedsportal.com/r/216443004522/u/49/f/647410/c/35028/s/4195cc43/sc/18/a2t.img"" border=""0""/><img src=""//feeds.feedburner.com/~r/Slashdot/slashdot/~4/6SwjZ1TWkdg"" height=""1"" width=""1"" alt=""""/>"
"Indonesia volcano erupts, injuring 4; 1 missing (The Arizona Republic)",http://news.feedzilla.com/en_us/stories/science/411394132?client_source=api&format=json,"TERNATE, Indonesia (AP) -- A volcano in eastern Indonesia erupted Friday,
spewing towering clouds of hot ash into the air and leaving four hikers
injured and one missing when they scrambled to safety, an official said....

"
Investigation: Apple Failing To Protect Chinese Factory Workers,http://rss.slashdot.org/~r/Slashdot/slashdot/~3/pxF12gaf7wk/story01.htm,"mrspoonsi writes with the findings of an investigation into working conditions at a factory that makes Apple products. Poor treatment of workers in Chinese factories which make Apple products has been discovered by an undercover BBC Panorama investigation. Filming on an iPhone 6 production line showed Apple's promises to protect workers were routinely broken. It found standards on workers' hours, ID cards, dormitories, work meetings and juvenile workers were being breached at the Pegatron factories. Apple said it strongly disagreed with the programme's conclusions. Exhausted workers were filmed falling asleep on their 12-hour shifts at the Pegatron factories on the outskirts of Shanghai. One undercover reporter, working in a factory making parts for Apple computers, had to work 18 days in a row despite repeated requests for a day off. Another reporter, whose longest shift was 16 hours, said: ""Every time I got back to the dormitories, I wouldn't want to move. Even if I was hungry I wouldn't want to get up to eat. I just wanted to lie down and rest. I was unable to sleep at night because of the stress.""<p><div class=""share_submission"" style=""position:relative;""> <a class=""slashpop"" href=""http://twitter.com/home?status=Investigation%3A+Apple+Failing+To+Protect+Chinese+Factory+Workers%3A+http%3A%2F%2Fbit.ly%2F1zBWI7a""><img src=""http://a.fsdn.com/sd/twitter_icon_large.png""></a> <a class=""slashpop"" href=""http://www.facebook.com/sharer.php?u=http%3A%2F%2Fapple.slashdot.org%2Fstory%2F14%2F12%2F18%2F2321249%2Finvestigation-apple-failing-to-protect-chinese-factory-workers%3Futm_source%3Dslashdot%26utm_medium%3Dfacebook""><img src=""http://a.fsdn.com/sd/facebook_icon_large.png""></a> <a class=""nobg"" href=""http://plus.google.com/share?url=http://apple.slashdot.org/story/14/12/18/2321249/investigation-apple-failing-to-protect-chinese-factory-workers?utm_source=slashdot&amp;utm_medium=googleplus"" onclick=""javascript:window.open(this.href,'', 'menubar=no,toolbar=no,resizable=yes,scrollbars=yes,height=600,width=600');return false;""><img src=""http://www.gstatic.com/images/icons/gplus-16.png"" alt=""Share on Google+""/></a> </div></p><p><a href=""http://apple.slashdot.org/story/14/12/18/2321249/investigation-apple-failing-to-protect-chinese-factory-workers?utm_source=rss1.0moreanon&amp;utm_medium=feed"">Read more of this story</a> at Slashdot.</p><iframe src=""http://slashdot.org/slashdot-it.pl?op=discuss&amp;id=6440623&amp;smallembed=1"" style=""height: 300px; width: 100%; border: none;""></iframe><img width='1' height='1' src='http://slashdot.feedsportal.com/c/35028/f/647410/s/4197dbd8/sc/5/mf.gif' border='0'/><br clear='all'/><br/><br/><a href=""http://da.feedsportal.com/r/216443061161/u/49/f/647410/c/35028/s/4197dbd8/sc/5/rc/1/rc.htm"" rel=""nofollow""><img src=""http://da.feedsportal.com/r/216443061161/u/49/f/647410/c/35028/s/4197dbd8/sc/5/rc/1/rc.img"" border=""0""/></a><br/><a href=""http://da.feedsportal.com/r/216443061161/u/49/f/647410/c/35028/s/4197dbd8/sc/5/rc/2/rc.htm"" rel=""nofollow""><img src=""http://da.feedsportal.com/r/216443061161/u/49/f/647410/c/35028/s/4197dbd8/sc/5/rc/2/rc.img"" border=""0""/></a><br/><a href=""http://da.feedsportal.com/r/216443061161/u/49/f/647410/c/35028/s/4197dbd8/sc/5/rc/3/rc.htm"" rel=""nofollow""><img src=""http://da.feedsportal.com/r/216443061161/u/49/f/647410/c/35028/s/4197dbd8/sc/5/rc/3/rc.img"" border=""0""/></a><br/><br/><a href=""http://da.feedsportal.com/r/216443061161/u/49/f/647410/c/35028/s/4197dbd8/sc/5/a2.htm""><img src=""http://da.feedsportal.com/r/216443061161/u/49/f/647410/c/35028/s/4197dbd8/sc/5/a2.img"" border=""0""/></a><img width=""1"" height=""1"" src=""http://pi.feedsportal.com/r/216443061161/u/49/f/647410/c/35028/s/4197dbd8/sc/5/a2t.img"" border=""0""/><img src=""//feeds.feedburner.com/~r/Slashdot/slashdot/~4/pxF12gaf7wk"" height=""1"" width=""1"" alt=""""/>"
Kepler Makes First Exoplanet Discovery After Mission Reboot,http://rss.slashdot.org/~r/Slashdot/slashdot/~3/9DERQqtax-0/story01.htm,"astroengine writes NASA's Kepler space telescope has detected its first new extrasolar planet after mission engineers were able to save the mission from a premature death after two of the exoplanet hunter's four stabilizing reaction wheels failed last year. Called ""K2,"" the extended mission arose from an ""innovative idea"" that appears to have given the prolific telescope a new lease on life. ""Last summer, the possibility of a scientifically productive mission for Kepler after its reaction wheel failure in its extended mission was not part of the conversation,"" said Paul Hertz, NASA's astrophysics division director at the agency's headquarters in Washington D.C. ""Today, thanks to an innovative idea and lots of hard work by the NASA and Ball Aerospace team, Kepler may well deliver the first candidates for follow-up study by the James Webb Space Telescope to characterize the atmospheres of distant worlds and search for signatures of life.""<p><div class=""share_submission"" style=""position:relative;""> <a class=""slashpop"" href=""http://twitter.com/home?status=Kepler+Makes+First+Exoplanet+Discovery+After+Mission+Reboot%3A+http%3A%2F%2Fbit.ly%2F1sFv6Jq""><img src=""http://a.fsdn.com/sd/twitter_icon_large.png""></a> <a class=""slashpop"" href=""http://www.facebook.com/sharer.php?u=http%3A%2F%2Fscience.slashdot.org%2Fstory%2F14%2F12%2F19%2F0241232%2Fkepler-makes-first-exoplanet-discovery-after-mission-reboot%3Futm_source%3Dslashdot%26utm_medium%3Dfacebook""><img src=""http://a.fsdn.com/sd/facebook_icon_large.png""></a> <a class=""nobg"" href=""http://plus.google.com/share?url=http://science.slashdot.org/story/14/12/19/0241232/kepler-makes-first-exoplanet-discovery-after-mission-reboot?utm_source=slashdot&amp;utm_medium=googleplus"" onclick=""javascript:window.open(this.href,'', 'menubar=no,toolbar=no,resizable=yes,scrollbars=yes,height=600,width=600');return false;""><img src=""http://www.gstatic.com/images/icons/gplus-16.png"" alt=""Share on Google+""/></a> </div></p><p><a href=""http://science.slashdot.org/story/14/12/19/0241232/kepler-makes-first-exoplanet-discovery-after-mission-reboot?utm_source=rss1.0moreanon&amp;utm_medium=feed"">Read more of this story</a> at Slashdot.</p><iframe src=""http://slashdot.org/slashdot-it.pl?op=discuss&amp;id=6441497&amp;smallembed=1"" style=""height: 300px; width: 100%; border: none;""></iframe><img width='1' height='1' src='http://slashdot.feedsportal.com/c/35028/f/647410/s/419b1fb2/sc/18/mf.gif' border='0'/><br clear='all'/><br/><br/><a href=""http://da.feedsportal.com/r/216443035321/u/49/f/647410/c/35028/s/419b1fb2/sc/18/rc/1/rc.htm"" rel=""nofollow""><img src=""http://da.feedsportal.com/r/216443035321/u/49/f/647410/c/35028/s/419b1fb2/sc/18/rc/1/rc.img"" border=""0""/></a><br/><a href=""http://da.feedsportal.com/r/216443035321/u/49/f/647410/c/35028/s/419b1fb2/sc/18/rc/2/rc.htm"" rel=""nofollow""><img src=""http://da.feedsportal.com/r/216443035321/u/49/f/647410/c/35028/s/419b1fb2/sc/18/rc/2/rc.img"" border=""0""/></a><br/><a href=""http://da.feedsportal.com/r/216443035321/u/49/f/647410/c/35028/s/419b1fb2/sc/18/rc/3/rc.htm"" rel=""nofollow""><img src=""http://da.feedsportal.com/r/216443035321/u/49/f/647410/c/35028/s/419b1fb2/sc/18/rc/3/rc.img"" border=""0""/></a><br/><br/><a href=""http://da.feedsportal.com/r/216443035321/u/49/f/647410/c/35028/s/419b1fb2/sc/18/a2.htm""><img src=""http://da.feedsportal.com/r/216443035321/u/49/f/647410/c/35028/s/419b1fb2/sc/18/a2.img"" border=""0""/></a><img width=""1"" height=""1"" src=""http://pi.feedsportal.com/r/216443035321/u/49/f/647410/c/35028/s/419b1fb2/sc/18/a2t.img"" border=""0""/><img src=""//feeds.feedburner.com/~r/Slashdot/slashdot/~4/9DERQqtax-0"" height=""1"" width=""1"" alt=""""/>"
Marissa Mayer's Reinvention of Yahoo! Stumbles,http://rss.slashdot.org/~r/Slashdot/slashdot/~3/kxDjFGS6EFw/story01.htm,"schnell writes The New York Times Magazine has an in-depth profile of Marissa Mayer's time at the helm of Yahoo!, detailing her bold plans to reinvent the company and spark a Jobs-ian turnaround through building great new products. But some investors are saying that her product focus (to the point of micromanaging) hasn't generated results, and that the company should give up on trying to create the next iPod, merge with AOL to cut costs and focus on the unglamorous core business that it has. Is it time for Yahoo! to ""grow up"" and set its sights lower?<p><div class=""share_submission"" style=""position:relative;""> <a class=""slashpop"" href=""http://twitter.com/home?status=Marissa+Mayer's+Reinvention+of+Yahoo!+Stumbles%3A+http%3A%2F%2Fbit.ly%2F1xsQEj5""><img src=""http://a.fsdn.com/sd/twitter_icon_large.png""></a> <a class=""slashpop"" href=""http://www.facebook.com/sharer.php?u=http%3A%2F%2Ftech.slashdot.org%2Fstory%2F14%2F12%2F18%2F2311237%2Fmarissa-mayers-reinvention-of-yahoo-stumbles%3Futm_source%3Dslashdot%26utm_medium%3Dfacebook""><img src=""http://a.fsdn.com/sd/facebook_icon_large.png""></a> <a class=""nobg"" href=""http://plus.google.com/share?url=http://tech.slashdot.org/story/14/12/18/2311237/marissa-mayers-reinvention-of-yahoo-stumbles?utm_source=slashdot&amp;utm_medium=googleplus"" onclick=""javascript:window.open(this.href,'', 'menubar=no,toolbar=no,resizable=yes,scrollbars=yes,height=600,width=600');return false;""><img src=""http://www.gstatic.com/images/icons/gplus-16.png"" alt=""Share on Google+""/></a> </div></p><p><a href=""http://tech.slashdot.org/story/14/12/18/2311237/marissa-mayers-reinvention-of-yahoo-stumbles?utm_source=rss1.0moreanon&amp;utm_medium=feed"">Read more of this story</a> at Slashdot.</p><iframe src=""http://slashdot.org/slashdot-it.pl?op=discuss&amp;id=6440611&amp;smallembed=1"" style=""height: 300px; width: 100%; border: none;""></iframe><img width='1' height='1' src='http://slashdot.feedsportal.com/c/35028/f/647410/s/4197ac19/sc/4/mf.gif' border='0'/><br clear='all'/><br/><br/><a href=""http://da.feedsportal.com/r/216443011099/u/49/f/647410/c/35028/s/4197ac19/sc/4/rc/1/rc.htm"" rel=""nofollow""><img src=""http://da.feedsportal.com/r/216443011099/u/49/f/647410/c/35028/s/4197ac19/sc/4/rc/1/rc.img"" border=""0""/></a><br/><a href=""http://da.feedsportal.com/r/216443011099/u/49/f/647410/c/35028/s/4197ac19/sc/4/rc/2/rc.htm"" rel=""nofollow""><img src=""http://da.feedsportal.com/r/216443011099/u/49/f/647410/c/35028/s/4197ac19/sc/4/rc/2/rc.img"" border=""0""/></a><br/><a href=""http://da.feedsportal.com/r/216443011099/u/49/f/647410/c/35028/s/4197ac19/sc/4/rc/3/rc.htm"" rel=""nofollow""><img src=""http://da.feedsportal.com/r/216443011099/u/49/f/647410/c/35028/s/4197ac19/sc/4/rc/3/rc.img"" border=""0""/></a><br/><br/><a href=""http://da.feedsportal.com/r/216443011099/u/49/f/647410/c/35028/s/4197ac19/sc/4/a2.htm""><img src=""http://da.feedsportal.com/r/216443011099/u/49/f/647410/c/35028/s/4197ac19/sc/4/a2.img"" border=""0""/></a><img width=""1"" height=""1"" src=""http://pi.feedsportal.com/r/216443011099/u/49/f/647410/c/35028/s/4197ac19/sc/4/a2t.img"" border=""0""/><img src=""//feeds.feedburner.com/~r/Slashdot/slashdot/~4/kxDjFGS6EFw"" height=""1"" width=""1"" alt=""""/>"
New Pictures Of Philae’s Lonely Resting Spot On The Comet Emerge (Universe Today),http://news.feedzilla.com/en_us/stories/science/411336706?client_source=api&format=json,"In scientific style, researchers are slowly narrowing down where the Philae
lander arrived on Comet 67P/Churyumov-Gerasimenko. Earlier today (Dec. 17) at
the American Geophysical Union meeting, more pictures from the European
spacecraft were released showing its landing site and also what the terrain
looked like underneath Philae as it bounced to its destination. The pictures
[…]

"
"New York plans prohibit fracking, citing health issues, dubious econ benefits (climateark)",http://news.feedzilla.com/en_us/stories/science/411343441?client_source=api&format=json,"Associated Press: Handing environmentalists a breakthrough victory, New York
plans to prohibit fracking for natural gas because of what regulators say are
its unexplored health risks and dubious economic benefits. New York, which
overlies part of the gas-rich Marcellus Shale formation that has led to a
drilling boom in Pennsylvania and other nearby states, has banned shale gas
development since 2008, when the state began an environmental review of the
drilling technique also known as hydraulic fracturing. Wednesday's...

"
"New, tighter timeline confirms ancient volcanism aligned with dinosaurs' extinction (Eurekalert)",http://news.feedzilla.com/en_us/stories/science/411370268?client_source=api&format=json,"A definitive geological timeline from Princeton University researchers shows
that a series of massive volcanic explosions 66 million years ago played a
role in the extinction event that claimed Earth's non-avian dinosaurs, and
challenges the dominant theory that a meteorite impact was the sole cause of
the extinction.

"
Renewables Outpace Nuclear All Over the World (ecoearth.info),http://news.feedzilla.com/en_us/stories/science/411382891?client_source=api&format=json,"EcoWatch: As flagship nuclear projects run into long delays and huge cost
overruns, solar and wind power are falling in price. Renewables already supply
twice as much power as nuclear. It’s just too bad the nuclear-fixated UK
government hasn’t noticed. Renewables are winning out just about everywhere.
They now supply over 19 percent of global primary energy and 22 percent of
global electricity. Nuclear is at 11 percent and falling. With many of the
UK’s old nuclear power plants off-line due to faults and...

"
Review: The BlackBerry Classic Is One of the Best Phones of 2009,http://rss.slashdot.org/~r/Slashdot/slashdot/~3/hHT23hsTMjo/story01.htm,"Molly McHugh writes When Apple launched the iPhone in 2007, and I owned a BlackBerry Curve. To me, my BlackBerry was close to being the absolute perfect smartphone. Today, BlackBerry revealed the Classic, a phone that is designed to make me&mdash;and everyone who owned a BlackBerry before the touchscreen revolution&mdash;remember how much we loved them.<p><div class=""share_submission"" style=""position:relative;""> <a class=""slashpop"" href=""http://twitter.com/home?status=Review%3A+The+BlackBerry+Classic+Is+One+of+the+Best+Phones+of+2009%3A+http%3A%2F%2Fbit.ly%2F1zb2m2C""><img src=""http://a.fsdn.com/sd/twitter_icon_large.png""></a> <a class=""slashpop"" href=""http://www.facebook.com/sharer.php?u=http%3A%2F%2Fmobile.slashdot.org%2Fstory%2F14%2F12%2F19%2F0118233%2Freview-the-blackberry-classic-is-one-of-the-best-phones-of-2009%3Futm_source%3Dslashdot%26utm_medium%3Dfacebook""><img src=""http://a.fsdn.com/sd/facebook_icon_large.png""></a> <a class=""nobg"" href=""http://plus.google.com/share?url=http://mobile.slashdot.org/story/14/12/19/0118233/review-the-blackberry-classic-is-one-of-the-best-phones-of-2009?utm_source=slashdot&amp;utm_medium=googleplus"" onclick=""javascript:window.open(this.href,'', 'menubar=no,toolbar=no,resizable=yes,scrollbars=yes,height=600,width=600');return false;""><img src=""http://www.gstatic.com/images/icons/gplus-16.png"" alt=""Share on Google+""/></a> </div></p><p><a href=""http://mobile.slashdot.org/story/14/12/19/0118233/review-the-blackberry-classic-is-one-of-the-best-phones-of-2009?utm_source=rss1.0moreanon&amp;utm_medium=feed"">Read more of this story</a> at Slashdot.</p><iframe src=""http://slashdot.org/slashdot-it.pl?op=discuss&amp;id=6440953&amp;smallembed=1"" style=""height: 300px; width: 100%; border: none;""></iframe><img width='1' height='1' src='http://slashdot.feedsportal.com/c/35028/f/647410/s/419a3c08/sc/15/mf.gif' border='0'/><br clear='all'/><br/><br/><a href=""http://da.feedsportal.com/r/216443030999/u/49/f/647410/c/35028/s/419a3c08/sc/15/rc/1/rc.htm"" rel=""nofollow""><img src=""http://da.feedsportal.com/r/216443030999/u/49/f/647410/c/35028/s/419a3c08/sc/15/rc/1/rc.img"" border=""0""/></a><br/><a href=""http://da.feedsportal.com/r/216443030999/u/49/f/647410/c/35028/s/419a3c08/sc/15/rc/2/rc.htm"" rel=""nofollow""><img src=""http://da.feedsportal.com/r/216443030999/u/49/f/647410/c/35028/s/419a3c08/sc/15/rc/2/rc.img"" border=""0""/></a><br/><a href=""http://da.feedsportal.com/r/216443030999/u/49/f/647410/c/35028/s/419a3c08/sc/15/rc/3/rc.htm"" rel=""nofollow""><img src=""http://da.feedsportal.com/r/216443030999/u/49/f/647410/c/35028/s/419a3c08/sc/15/rc/3/rc.img"" border=""0""/></a><br/><br/><a href=""http://da.feedsportal.com/r/216443030999/u/49/f/647410/c/35028/s/419a3c08/sc/15/a2.htm""><img src=""http://da.feedsportal.com/r/216443030999/u/49/f/647410/c/35028/s/419a3c08/sc/15/a2.img"" border=""0""/></a><img width=""1"" height=""1"" src=""http://pi.feedsportal.com/r/216443030999/u/49/f/647410/c/35028/s/419a3c08/sc/15/a2t.img"" border=""0""/><img src=""//feeds.feedburner.com/~r/Slashdot/slashdot/~4/hHT23hsTMjo"" height=""1"" width=""1"" alt=""""/>"
Satellite Captures Glowing Plants From Space,http://rss.slashdot.org/~r/Slashdot/slashdot/~3/_piiiVTlAxA/story01.htm,"sciencehabit writes About 1% of the light that strikes plants is re-emitted as a faint, fluorescent glow&mdash;a measure of photosynthetic activity. Today, scientists released a map of this glow as measured by the Orbiting Carbon Observatory-2, a NASA satellite launched in July with the goal of mapping the net amount of carbon in the atmosphere. The map reveals that tropical rainforests near the equator are actively sucking up carbon, while the Corn Belt in the eastern United States, near the end of its growing season, is also a sink. Higher resolution fluorescence mapping could one day be used to help assess crop yields and how they respond to drought and heat in a changing climate.<p><div class=""share_submission"" style=""position:relative;""> <a class=""slashpop"" href=""http://twitter.com/home?status=Satellite+Captures+Glowing+Plants+From+Space%3A+http%3A%2F%2Fbit.ly%2F1wpmT1h""><img src=""http://a.fsdn.com/sd/twitter_icon_large.png""></a> <a class=""slashpop"" href=""http://www.facebook.com/sharer.php?u=http%3A%2F%2Fscience.slashdot.org%2Fstory%2F14%2F12%2F18%2F2324225%2Fsatellite-captures-glowing-plants-from-space%3Futm_source%3Dslashdot%26utm_medium%3Dfacebook""><img src=""http://a.fsdn.com/sd/facebook_icon_large.png""></a> <a class=""nobg"" href=""http://plus.google.com/share?url=http://science.slashdot.org/story/14/12/18/2324225/satellite-captures-glowing-plants-from-space?utm_source=slashdot&amp;utm_medium=googleplus"" onclick=""javascript:window.open(this.href,'', 'menubar=no,toolbar=no,resizable=yes,scrollbars=yes,height=600,width=600');return false;""><img src=""http://www.gstatic.com/images/icons/gplus-16.png"" alt=""Share on Google+""/></a> </div></p><p><a href=""http://science.slashdot.org/story/14/12/18/2324225/satellite-captures-glowing-plants-from-space?utm_source=rss1.0moreanon&amp;utm_medium=feed"">Read more of this story</a> at Slashdot.</p><iframe src=""http://slashdot.org/slashdot-it.pl?op=discuss&amp;id=6440627&amp;smallembed=1"" style=""height: 300px; width: 100%; border: none;""></iframe><img width='1' height='1' src='http://slashdot.feedsportal.com/c/35028/f/647410/s/4198784d/sc/32/mf.gif' border='0'/><br clear='all'/><br/><br/><a href=""http://da.feedsportal.com/r/216443022930/u/49/f/647410/c/35028/s/4198784d/sc/32/rc/1/rc.htm"" rel=""nofollow""><img src=""http://da.feedsportal.com/r/216443022930/u/49/f/647410/c/35028/s/4198784d/sc/32/rc/1/rc.img"" border=""0""/></a><br/><a href=""http://da.feedsportal.com/r/216443022930/u/49/f/647410/c/35028/s/4198784d/sc/32/rc/2/rc.htm"" rel=""nofollow""><img src=""http://da.feedsportal.com/r/216443022930/u/49/f/647410/c/35028/s/4198784d/sc/32/rc/2/rc.img"" border=""0""/></a><br/><a href=""http://da.feedsportal.com/r/216443022930/u/49/f/647410/c/35028/s/4198784d/sc/32/rc/3/rc.htm"" rel=""nofollow""><img src=""http://da.feedsportal.com/r/216443022930/u/49/f/647410/c/35028/s/4198784d/sc/32/rc/3/rc.img"" border=""0""/></a><br/><br/><a href=""http://da.feedsportal.com/r/216443022930/u/49/f/647410/c/35028/s/4198784d/sc/32/a2.htm""><img src=""http://da.feedsportal.com/r/216443022930/u/49/f/647410/c/35028/s/4198784d/sc/32/a2.img"" border=""0""/></a><img width=""1"" height=""1"" src=""http://pi.feedsportal.com/r/216443022930/u/49/f/647410/c/35028/s/4198784d/sc/32/a2t.img"" border=""0""/><img src=""//feeds.feedburner.com/~r/Slashdot/slashdot/~4/_piiiVTlAxA"" height=""1"" width=""1"" alt=""""/>"
Science's top 10 breakthroughs of 2014 (Eurekalert),http://news.feedzilla.com/en_us/stories/science/411370251?client_source=api&format=json,"(_American Association for the Advancement of Science_) The Rosetta spacecraft
caught up with the comet known as 67P/Churyumov-Gerasimenko beyond Mars this
August, and its preliminary results--along with the studies it will allow in
the near-future -- top this year's list of the most important scientific
breakthroughs, according to the editors of Science. This annual list of
groundbreaking scientific achievements, selected by Science and its
international nonprofit publisher, AAAS, also includes groundbreaking advances
in medicine, robotics, synthetic biology, and paleontology, to name a few.

"
Scientists Discover That Exercise Changes Your DNA,http://rss.slashdot.org/~r/Slashdot/slashdot/~3/O0IXKMBFI1M/story01.htm,"HughPickens.com writes The human genome is astonishingly complex and dynamic, with genes constantly turning on or off, depending on what biochemical signals they receive from the body. Scientists have known that certain genes become active or quieter as a result of exercise but they hadn't understood how those genes knew how to respond to exercise. Now the NYT reports that scientists at the Karolinska Institute in Stockholm have completed a study where they recruited 23 young and healthy men and women, brought them to the lab for a series of physical performance and medical tests, including a muscle biopsy, and then asked them to exercise half of their lower bodies for three months. The volunteers pedaled one-legged at a moderate pace for 45 minutes, four times per week for three months. Then the scientists repeated the muscle biopsies and other tests with each volunteer. Not surprisingly, the volunteers' exercised leg was more powerful now than the other, showing that the exercise had resulted in physical improvements. But there were also changes within the exercised muscle cells' DNA. Using technology that analyses 480,000 positions throughout the genome, they could see that new methylation patterns had taken place in 7,000 genes (an individual has 20&ndash;25,000 genes). In a process known as DNA methylation, clusters of atoms, called methyl groups, attach to the outside of a gene like microscopic mollusks and make the gene more or less able to receive and respond to biochemical signals from the body. In the exercised portions of the bodies, many of the methylation changes were on portions of the genome known as enhancers that can amplify the expression of proteins by genes. And gene expression was noticeably increased or changed in thousands of the muscle-cell genes that the researchers studied. Most of the genes in question are known to play a role in energy metabolism, insulin response and inflammation within muscles. In other words, they affect how healthy and fit our muscles &mdash; and bodies &mdash; become. Many mysteries still remain but the message of the study is unambiguous. ""Through endurance training &mdash; a lifestyle change that is easily available for most people and doesn't cost much money,"" says Sara Lindholm, ""we can induce changes that affect how we use our genes and, through that, get healthier and more functional muscles that ultimately improve our quality of life.""<p><div class=""share_submission"" style=""position:relative;""> <a class=""slashpop"" href=""http://twitter.com/home?status=Scientists+Discover+That+Exercise+Changes+Your+DNA%3A+http%3A%2F%2Fbit.ly%2F1GZ0068""><img src=""http://a.fsdn.com/sd/twitter_icon_large.png""></a> <a class=""slashpop"" href=""http://www.facebook.com/sharer.php?u=http%3A%2F%2Fscience.slashdot.org%2Fstory%2F14%2F12%2F19%2F0229214%2Fscientists-discover-that-exercise-changes-your-dna%3Futm_source%3Dslashdot%26utm_medium%3Dfacebook""><img src=""http://a.fsdn.com/sd/facebook_icon_large.png""></a> <a class=""nobg"" href=""http://plus.google.com/share?url=http://science.slashdot.org/story/14/12/19/0229214/scientists-discover-that-exercise-changes-your-dna?utm_source=slashdot&amp;utm_medium=googleplus"" onclick=""javascript:window.open(this.href,'', 'menubar=no,toolbar=no,resizable=yes,scrollbars=yes,height=600,width=600');return false;""><img src=""http://www.gstatic.com/images/icons/gplus-16.png"" alt=""Share on Google+""/></a> </div></p><p><a href=""http://science.slashdot.org/story/14/12/19/0229214/scientists-discover-that-exercise-changes-your-dna?utm_source=rss1.0moreanon&amp;utm_medium=feed"">Read more of this story</a> at Slashdot.</p><iframe src=""http://slashdot.org/slashdot-it.pl?op=discuss&amp;id=6441399&amp;smallembed=1"" style=""height: 300px; width: 100%; border: none;""></iframe><img width='1' height='1' src='http://slashdot.feedsportal.com/c/35028/f/647410/s/419cb3a9/sc/14/mf.gif' border='0'/><br clear='all'/><br/><br/><a href=""http://da.feedsportal.com/r/216443042031/u/49/f/647410/c/35028/s/419cb3a9/sc/14/rc/1/rc.htm"" rel=""nofollow""><img src=""http://da.feedsportal.com/r/216443042031/u/49/f/647410/c/35028/s/419cb3a9/sc/14/rc/1/rc.img"" border=""0""/></a><br/><a href=""http://da.feedsportal.com/r/216443042031/u/49/f/647410/c/35028/s/419cb3a9/sc/14/rc/2/rc.htm"" rel=""nofollow""><img src=""http://da.feedsportal.com/r/216443042031/u/49/f/647410/c/35028/s/419cb3a9/sc/14/rc/2/rc.img"" border=""0""/></a><br/><a href=""http://da.feedsportal.com/r/216443042031/u/49/f/647410/c/35028/s/419cb3a9/sc/14/rc/3/rc.htm"" rel=""nofollow""><img src=""http://da.feedsportal.com/r/216443042031/u/49/f/647410/c/35028/s/419cb3a9/sc/14/rc/3/rc.img"" border=""0""/></a><br/><br/><a href=""http://da.feedsportal.com/r/216443042031/u/49/f/647410/c/35028/s/419cb3a9/sc/14/a2.htm""><img src=""http://da.feedsportal.com/r/216443042031/u/49/f/647410/c/35028/s/419cb3a9/sc/14/a2.img"" border=""0""/></a><img width=""1"" height=""1"" src=""http://pi.feedsportal.com/r/216443042031/u/49/f/647410/c/35028/s/419cb3a9/sc/14/a2t.img"" border=""0""/><img src=""//feeds.feedburner.com/~r/Slashdot/slashdot/~4/O0IXKMBFI1M"" height=""1"" width=""1"" alt=""""/>"
Skeptics Would Like Media To Stop Calling Science Deniers 'Skeptics',http://rss.slashdot.org/~r/Slashdot/slashdot/~3/BMdHEuQV82A/story01.htm,"Layzej writes: Prominent scientists, science communicators, and skeptic activists, are calling on the news media to stop using the word ""skeptic"" when referring to those who refuse to accept the reality of climate change, and instead refer to them by what they really are: science deniers. ""Not all individuals who call themselves climate change skeptics are deniers. But virtually all deniers have falsely branded themselves as skeptics. By perpetrating this misnomer, journalists have granted undeserved credibility to those who reject science and scientific inquiry.""<p><div class=""share_submission"" style=""position:relative;""> <a class=""slashpop"" href=""http://twitter.com/home?status=Skeptics+Would+Like+Media+To+Stop+Calling+Science+Deniers+'Skeptics'%3A+http%3A%2F%2Fbit.ly%2F1wsrcsz""><img src=""http://a.fsdn.com/sd/twitter_icon_large.png""></a> <a class=""slashpop"" href=""http://www.facebook.com/sharer.php?u=http%3A%2F%2Fscience.slashdot.org%2Fstory%2F14%2F12%2F19%2F1326259%2Fskeptics-would-like-media-to-stop-calling-science-deniers-skeptics%3Futm_source%3Dslashdot%26utm_medium%3Dfacebook""><img src=""http://a.fsdn.com/sd/facebook_icon_large.png""></a> <a class=""nobg"" href=""http://plus.google.com/share?url=http://science.slashdot.org/story/14/12/19/1326259/skeptics-would-like-media-to-stop-calling-science-deniers-skeptics?utm_source=slashdot&amp;utm_medium=googleplus"" onclick=""javascript:window.open(this.href,'', 'menubar=no,toolbar=no,resizable=yes,scrollbars=yes,height=600,width=600');return false;""><img src=""http://www.gstatic.com/images/icons/gplus-16.png"" alt=""Share on Google+""/></a> </div></p><p><a href=""http://science.slashdot.org/story/14/12/19/1326259/skeptics-would-like-media-to-stop-calling-science-deniers-skeptics?utm_source=rss1.0moreanon&amp;utm_medium=feed"">Read more of this story</a> at Slashdot.</p><iframe src=""http://slashdot.org/slashdot-it.pl?op=discuss&amp;id=6448965&amp;smallembed=1"" style=""height: 300px; width: 100%; border: none;""></iframe><img width='1' height='1' src='http://slashdot.feedsportal.com/c/35028/f/647410/s/419cbc34/sc/1/mf.gif' border='0'/><br clear='all'/><br/><br/><a href=""http://da.feedsportal.com/r/216443043076/u/49/f/647410/c/35028/s/419cbc34/sc/1/rc/1/rc.htm"" rel=""nofollow""><img src=""http://da.feedsportal.com/r/216443043076/u/49/f/647410/c/35028/s/419cbc34/sc/1/rc/1/rc.img"" border=""0""/></a><br/><a href=""http://da.feedsportal.com/r/216443043076/u/49/f/647410/c/35028/s/419cbc34/sc/1/rc/2/rc.htm"" rel=""nofollow""><img src=""http://da.feedsportal.com/r/216443043076/u/49/f/647410/c/35028/s/419cbc34/sc/1/rc/2/rc.img"" border=""0""/></a><br/><a href=""http://da.feedsportal.com/r/216443043076/u/49/f/647410/c/35028/s/419cbc34/sc/1/rc/3/rc.htm"" rel=""nofollow""><img src=""http://da.feedsportal.com/r/216443043076/u/49/f/647410/c/35028/s/419cbc34/sc/1/rc/3/rc.img"" border=""0""/></a><br/><br/><a href=""http://da.feedsportal.com/r/216443043076/u/49/f/647410/c/35028/s/419cbc34/sc/1/a2.htm""><img src=""http://da.feedsportal.com/r/216443043076/u/49/f/647410/c/35028/s/419cbc34/sc/1/a2.img"" border=""0""/></a><img width=""1"" height=""1"" src=""http://pi.feedsportal.com/r/216443043076/u/49/f/647410/c/35028/s/419cbc34/sc/1/a2t.img"" border=""0""/><img src=""//feeds.feedburner.com/~r/Slashdot/slashdot/~4/BMdHEuQV82A"" height=""1"" width=""1"" alt=""""/>"
Still No Stem Cells Via Easy ‘STAP’ Path (bioethicscom),http://news.feedzilla.com/en_us/stories/science/411375561?client_source=api&format=json,"(Nature) - Haruko Obokata, the Japanese stem-cell biologist whose papers
caused a sensation earlier this year before being retracted, has not succeeded
in an attempt to replicate the controversial experiments, the Japanese media
has reported. The original papers, which Obokata … Read More

"
Why Does the Floor Feel Cold When the Towel Feels Warm? (Scientific American),http://news.feedzilla.com/en_us/stories/science/411368060?client_source=api&format=json,"An activity exploring everyday thermodynamics


-- Read more on ScientificAmerican.com

"
Will Ripple Eclipse Bitcoin?,http://rss.slashdot.org/~r/Slashdot/slashdot/~3/NZTwejaBA3k/story01.htm,"First time accepted submitter groggy.android writes This year's biggest news about Bitcoin may well turn out not to be the repeat of its surge in value last year against the dollar and other state currencies but its impending eclipse by another independent but corporate-backed digital currency. Popularly known as Ripple, XRP shot up in value last year along with other cryptocurrencies that took advantage of the hype around Bitcoin. However, among the top cryptocurrencies listed in Coinmarketcap.com, a site that monitors trading across different cryptocurrency exchanges, Ripple is the only one that not only regained its value after the collapse in the price of Bitcoin but has more than doubled from its peak last year. In September it displaced Litecoin to become the second most valuable cryptocurrency. Even more surpising, a Ripple fork, Stellar, is one of the two other cryptocurrencies in the Coinmarketcap top ten that have risen sharply in value during the last few weeks. What makes Ripple different from Bitcoin? Strictly speaking, Ripple isn't the name of the digital currency but of the decentralized payment network and protocol created and maintained by the eponymous Ripple Labs. Users of the Ripple system are able to transact in both cryptocurrency and regular fiat currency like the dollar without passing through a central exchange. XRP is the name of the native unit of exchange used in the Ripple network to facilitate conversion between different currency types.<p><div class=""share_submission"" style=""position:relative;""> <a class=""slashpop"" href=""http://twitter.com/home?status=Will+Ripple+Eclipse+Bitcoin%3F%3A+http%3A%2F%2Fbit.ly%2F1z8MQnC""><img src=""http://a.fsdn.com/sd/twitter_icon_large.png""></a> <a class=""slashpop"" href=""http://www.facebook.com/sharer.php?u=http%3A%2F%2Ftech.slashdot.org%2Fstory%2F14%2F12%2F18%2F1725244%2Fwill-ripple-eclipse-bitcoin%3Futm_source%3Dslashdot%26utm_medium%3Dfacebook""><img src=""http://a.fsdn.com/sd/facebook_icon_large.png""></a> <a class=""nobg"" href=""http://plus.google.com/share?url=http://tech.slashdot.org/story/14/12/18/1725244/will-ripple-eclipse-bitcoin?utm_source=slashdot&amp;utm_medium=googleplus"" onclick=""javascript:window.open(this.href,'', 'menubar=no,toolbar=no,resizable=yes,scrollbars=yes,height=600,width=600');return false;""><img src=""http://www.gstatic.com/images/icons/gplus-16.png"" alt=""Share on Google+""/></a> </div></p><p><a href=""http://tech.slashdot.org/story/14/12/18/1725244/will-ripple-eclipse-bitcoin?utm_source=rss1.0moreanon&amp;utm_medium=feed"">Read more of this story</a> at Slashdot.</p><iframe src=""http://slashdot.org/slashdot-it.pl?op=discuss&amp;id=6439393&amp;smallembed=1"" style=""height: 300px; width: 100%; border: none;""></iframe><img width='1' height='1' src='http://slashdot.feedsportal.com/c/35028/f/647410/s/41952f1c/sc/4/mf.gif' border='0'/><br clear='all'/><br/><br/><a href=""http://da.feedsportal.com/r/216443002020/u/49/f/647410/c/35028/s/41952f1c/sc/4/rc/1/rc.htm"" rel=""nofollow""><img src=""http://da.feedsportal.com/r/216443002020/u/49/f/647410/c/35028/s/41952f1c/sc/4/rc/1/rc.img"" border=""0""/></a><br/><a href=""http://da.feedsportal.com/r/216443002020/u/49/f/647410/c/35028/s/41952f1c/sc/4/rc/2/rc.htm"" rel=""nofollow""><img src=""http://da.feedsportal.com/r/216443002020/u/49/f/647410/c/35028/s/41952f1c/sc/4/rc/2/rc.img"" border=""0""/></a><br/><a href=""http://da.feedsportal.com/r/216443002020/u/49/f/647410/c/35028/s/41952f1c/sc/4/rc/3/rc.htm"" rel=""nofollow""><img src=""http://da.feedsportal.com/r/216443002020/u/49/f/647410/c/35028/s/41952f1c/sc/4/rc/3/rc.img"" border=""0""/></a><br/><br/><a href=""http://da.feedsportal.com/r/216443002020/u/49/f/647410/c/35028/s/41952f1c/sc/4/a2.htm""><img src=""http://da.feedsportal.com/r/216443002020/u/49/f/647410/c/35028/s/41952f1c/sc/4/a2.img"" border=""0""/></a><img width=""1"" height=""1"" src=""http://pi.feedsportal.com/r/216443002020/u/49/f/647410/c/35028/s/41952f1c/sc/4/a2t.img"" border=""0""/><img src=""//feeds.feedburner.com/~r/Slashdot/slashdot/~4/NZTwejaBA3k"" height=""1"" width=""1"" alt=""""/>"
You Can Conquer Burnout (Scientific American),http://news.feedzilla.com/en_us/stories/science/411368061?client_source=api&format=json,"Job satisfaction is a surprisingly fragile state. Here's how to protect
yourself against the top contributors to burnout


-- Read more on ScientificAmerican.com

"
